ALX,ALY,ALZ,ARX,ARY,ARZ,EMG0L,EMG1L,EMG2L,EMG3L,EMG4L,EMG5L,EMG6L,EMG7L,EMG0R,EMG1R,EMG2R,EMG3R,EMG4R,EMG5R,EMG6R,EMG7R,GLX,GLY,GLZ,GRX,GRY,GRZ,ORL,OPL,OYL,ORR,OPR,OYR,LHNX,LHNY,LHNZ,RHNX,RHNY,RHNZ,HX,HY,HZ,LTX,LTY,LTZ,RTX,RTY,RTZ,SpineMidX,SpineMidY,SpineMidZ,SpineBaseX,SpineBaseY,SpineBaseZ,ShoulderLeftX,ShoulderLeftY,ShoulderLeftZ,ShoulderRightX,ShoulderRightY,ShoulderRightZ,ElbowLeftX,ElbowLeftY,ElbowLeftZ,ElbowRightX,ElbowRightY,ElbowRightZ,Myo_Pose_left,Myo_Pose_Right,Kinect_pose_left,Kinect_pose_right
0.9023438,-0.4194336,0.1459961,0.890625,0.3789063,0.1210938,-2,-1,1,2,0,0,-2,-2,-1,-1,-1,-1,0,-1,-1,0,-0.25,-0.25,-0.25,-0.6875,-0.6875,-0.6875,3.010936,3.225614,0.8438089,7.015821,3.178742,9.843825,-0.1380778,-0.4153984,1.292788,0.2587451,-0.4069705,1.280426,0.049827,0.4443618,1.360285,-0.1779204,-0.4114009,1.266928,0.2944507,-0.4082689,1.260807,0.04526909,-0.02061397,1.406191,0.04878066,-0.3493116,1.396001,-0.1388646,0.1660836,1.405362,-0.03173285,-0.3402172,1.364247,-0.1693414,-0.1015274,1.416649,0.2667758,-0.09610737,1.412685,NA,NA,NotTracked,NotTracked,
0.9023438,-0.4194336,0.1459961,0.8955078,0.378418,0.1333008,-2,-1,1,2,0,0,-2,-2,-2,0,0,1,2,-2,1,0,-0.25,-0.25,-0.25,3.3125,3.3125,3.3125,3.010936,3.225614,0.8438089,7.008879,3.179843,9.853433,-0.1375859,-0.4158045,1.291924,0.2585128,-0.4065126,1.279031,0.05091286,0.4438192,1.359431,-0.1880834,-0.4213606,1.309667,0.2933437,-0.410814,1.255154,0.04618767,-0.0209332,1.40521,0.04935367,-0.3494913,1.39463,-0.1380362,0.1660095,1.404647,-0.03119125,-0.3402655,1.362884,-0.1684749,-0.1018187,1.415692,0.2674286,-0.0964184,1.411731,NA,NA,NotTracked,NotTracked,
