ALX,ALY,ALZ,ARX,ARY,ARZ,EMG0L,EMG1L,EMG2L,EMG3L,EMG4L,EMG5L,EMG6L,EMG7L,EMG0R,EMG1R,EMG2R,EMG3R,EMG4R,EMG5R,EMG6R,EMG7R,GLX,GLY,GLZ,GRX,GRY,GRZ,ORL,OPL,OYL,ORR,OPR,OYR,LHNX,LHNY,LHNZ,RHNX,RHNY,RHNZ,HX,HY,HZ,LTX,LTY,LTZ,RTX,RTY,RTZ,SpineMidX,SpineMidY,SpineMidZ,SpineBaseX,SpineBaseY,SpineBaseZ,ShoulderLeftX,ShoulderLeftY,ShoulderLeftZ,ShoulderRightX,ShoulderRightY,ShoulderRightZ,ElbowLeftX,ElbowLeftY,ElbowLeftZ,ElbowRightX,ElbowRightY,ElbowRightZ,Myo_Pose_left,Myo_Pose_Right,Kinect_pose_left,Kinect_pose_right
0.9370117,-0.3081055,0.140625,0.9428711,0.2739258,0.03222656,-1,0,-1,-1,-3,-1,-2,1,0,1,0,-1,-1,-1,-1,-1,1.75,1.75,1.75,-5.0625,-5.0625,-5.0625,3.220896,3.11617,8.644945,7.168911,2.964878,9.74476,-0.1811697,-0.4157758,1.259846,0.2311196,-0.3958276,1.316666,0.01943197,0.4410625,1.296646,-0.1386824,-0.3941038,1.255569,0.2713274,-0.4001701,1.318164,0.0148573,-0.0158124,1.34153,0.02019521,-0.3357726,1.344664,-0.1607122,0.1665646,1.314448,-0.05611186,-0.3268051,1.308945,-0.2141151,-0.09673443,1.362882,0.2433936,-0.1031957,1.404227,NA,NA,NotTracked,NotTracked,
0.9311523,-0.3149414,0.1499023,0.940918,0.2705078,0.04101563,-2,-1,-2,-1,0,0,-2,-2,-1,0,-1,-1,-2,0,-2,0,-11.625,-11.625,-11.625,-6.3125,-6.3125,-6.3125,3.196773,3.11259,8.65544,7.182817,2.963577,9.721323,-0.1827689,-0.4121094,1.259264,0.2310318,-0.3960025,1.317112,0.01832569,0.4408289,1.296396,-0.1375765,-0.4080188,1.246756,0.2710364,-0.3990845,1.318982,0.01404768,-0.01596337,1.341355,0.01982458,-0.3358143,1.344622,-0.1621974,0.1661538,1.314516,-0.0564717,-0.3268598,1.308967,-0.2141451,-0.0966115,1.362161,0.2419671,-0.1037978,1.403167,NA,NA,NotTracked,NotTracked,
