ALX,ALY,ALZ,ARX,ARY,ARZ,EMG0L,EMG1L,EMG2L,EMG3L,EMG4L,EMG5L,EMG6L,EMG7L,EMG0R,EMG1R,EMG2R,EMG3R,EMG4R,EMG5R,EMG6R,EMG7R,GLX,GLY,GLZ,GRX,GRY,GRZ,ORL,OPL,OYL,ORR,OPR,OYR,LHNX,LHNY,LHNZ,RHNX,RHNY,RHNZ,HX,HY,HZ,LTX,LTY,LTZ,RTX,RTY,RTZ,SpineMidX,SpineMidY,SpineMidZ,SpineBaseX,SpineBaseY,SpineBaseZ,ShoulderLeftX,ShoulderLeftY,ShoulderLeftZ,ShoulderRightX,ShoulderRightY,ShoulderRightZ,ElbowLeftX,ElbowLeftY,ElbowLeftZ,ElbowRightX,ElbowRightY,ElbowRightZ,Myo_Pose_left,Myo_Pose_Right,Kinect_pose_left,Kinect_pose_right
0.840332,-0.3510742,-0.09033203,0.7792969,0.2954102,0.07470703,0,0,1,0,0,-1,-2,-2,-1,-1,-1,0,1,0,-1,-1,-1.5625,-1.5625,-1.5625,-23.625,-23.625,-23.625,2.045985,3.035091,2.58367,7.189555,3.080539,5.422211,-0.08731136,-0.4709767,1.659843,0.3131943,-0.4707201,1.616736,0.159955,0.3603973,1.690643,-0.1323313,-0.4781556,1.664077,0.2852952,-0.4787255,1.644747,0.1284052,-0.09389418,1.731578,0.1174434,-0.4125349,1.736537,-0.04394228,0.1098899,1.727753,0.03308362,-0.4005865,1.707289,-0.08876036,-0.1629042,1.741745,0.3305897,-0.1636592,1.705879,NA,NA,NotTracked,NotTracked,
1.212402,-0.3930664,-0.08544922,1.378418,0.3823242,0.2871094,-2,-1,-2,-1,-1,-1,-2,0,-1,1,-3,2,-1,0,-1,-13,-27,-27,-27,-14.375,-14.375,-14.375,2.016199,3.017404,2.591938,7.165779,3.106089,5.405174,-0.08714915,-0.4752161,1.669245,0.3230701,-0.4731401,1.598361,0.1602501,0.3603523,1.691316,-0.1328607,-0.4788809,1.6764,0.2827972,-0.4672687,1.643507,0.1286768,-0.09457119,1.732473,0.1169311,-0.4135793,1.737796,-0.04364934,0.1096151,1.728483,0.03276035,-0.40142,1.708315,-0.08826543,-0.1636956,1.743215,0.3315049,-0.1648815,1.706515,NA,NA,NotTracked,NotTracked,
