ALX,ALY,ALZ,ARX,ARY,ARZ,EMG0L,EMG1L,EMG2L,EMG3L,EMG4L,EMG5L,EMG6L,EMG7L,EMG0R,EMG1R,EMG2R,EMG3R,EMG4R,EMG5R,EMG6R,EMG7R,GLX,GLY,GLZ,GRX,GRY,GRZ,ORL,OPL,OYL,ORR,OPR,OYR,LHNX,LHNY,LHNZ,RHNX,RHNY,RHNZ,HX,HY,HZ,LTX,LTY,LTZ,RTX,RTY,RTZ,SpineMidX,SpineMidY,SpineMidZ,SpineBaseX,SpineBaseY,SpineBaseZ,ShoulderLeftX,ShoulderLeftY,ShoulderLeftZ,ShoulderRightX,ShoulderRightY,ShoulderRightZ,ElbowLeftX,ElbowLeftY,ElbowLeftZ,ElbowRightX,ElbowRightY,ElbowRightZ,Myo_Pose_left,Myo_Pose_Right,Kinect_pose_left,Kinect_pose_right
0.9482422,-0.3188477,0.01611328,0.8945313,0.3564453,-0.1176758,-2,-1,0,1,-2,0,-3,-1,-1,-2,-1,-1,-3,1,-2,0,-0.5,-0.5,-0.5,1.25,1.25,1.25,2.540034,3.026011,4.096604,8.072714,3.150998,1.676166,0.02436842,-0.5082312,1.53325,0.4429255,-0.5254259,1.541308,0.2293146,0.2360878,1.644423,0.07085884,-0.4709835,1.518848,0.3875777,-0.5032516,1.5096,0.2241844,-0.185724,1.647151,0.2204148,-0.4880853,1.616164,0.05880933,-0.01218634,1.632787,0.1435484,-0.4786873,1.591258,0.02130896,-0.2642895,1.627684,0.4367512,-0.2713466,1.632102,NA,NA,NotTracked,Unknown,
0.9482422,-0.3188477,0.01611328,0.894043,0.3569336,-0.1118164,-1,0,-1,-1,-1,0,-1,0,-1,-2,-2,-3,-1,2,0,0,-0.5,-0.5,-0.5,0.4375,0.4375,0.4375,2.540034,3.026011,4.096604,8.074834,3.150773,1.674224,0.02472727,-0.5099598,1.530849,0.4421722,-0.5254619,1.540849,0.2292844,0.236069,1.644275,0.0686262,-0.487077,1.517791,0.3873727,-0.5129409,1.525407,0.2241836,-0.1857375,1.647122,0.22044,-0.4881327,1.616123,0.05868644,-0.012319,1.633055,0.1435696,-0.4787428,1.59122,0.02130136,-0.264323,1.627583,0.436749,-0.271287,1.632016,NA,NA,NotTracked,Unknown,
