ALX,ALY,ALZ,ARX,ARY,ARZ,EMG0L,EMG1L,EMG2L,EMG3L,EMG4L,EMG5L,EMG6L,EMG7L,EMG0R,EMG1R,EMG2R,EMG3R,EMG4R,EMG5R,EMG6R,EMG7R,GLX,GLY,GLZ,GRX,GRY,GRZ,ORL,OPL,OYL,ORR,OPR,OYR,LHNX,LHNY,LHNZ,RHNX,RHNY,RHNZ,HX,HY,HZ,LTX,LTY,LTZ,RTX,RTY,RTZ,SpineMidX,SpineMidY,SpineMidZ,SpineBaseX,SpineBaseY,SpineBaseZ,ShoulderLeftX,ShoulderLeftY,ShoulderLeftZ,ShoulderRightX,ShoulderRightY,ShoulderRightZ,ElbowLeftX,ElbowLeftY,ElbowLeftZ,ElbowRightX,ElbowRightY,ElbowRightZ,Myo_Pose_left,Myo_Pose_Right,Kinect_pose_left,Kinect_pose_right
0.9160156,-0.3671875,-0.1108398,0.8930664,0.3662109,-0.1166992,-1,-2,-1,0,-1,-1,-1,0,-1,0,1,-1,1,-1,-2,-4,0.875,0.875,0.875,-1.1875,-1.1875,-1.1875,2.010155,3.141951,6.727576,8.076541,3.167841,9.718973,-0.1254765,-0.4834251,1.624558,0.2551888,-0.4777415,1.611688,0.05310312,0.3353432,1.701815,-0.1712688,-0.4906077,1.62179,0.2941831,-0.4836086,1.608649,0.06301074,-0.104855,1.731068,0.06795945,-0.4163984,1.704245,-0.1094314,0.08331456,1.728045,-0.00853803,-0.4102524,1.673989,-0.1510017,-0.1888544,1.718443,0.2817458,-0.1866216,1.706808,NA,NA,NotTracked,NotTracked,
0.9160156,-0.3671875,-0.1108398,0.8916016,0.3686523,-0.1201172,-1,-2,-1,0,-1,-1,-1,0,-2,-2,0,-1,-1,-1,-3,-1,0.875,0.875,0.875,2.1875,2.1875,2.1875,2.010155,3.141951,6.727576,8.07763,3.168053,9.720114,-0.1255182,-0.4831207,1.623291,0.2531881,-0.4773888,1.60975,0.05295247,0.3355096,1.701355,-0.1720796,-0.4960759,1.624151,0.2956625,-0.4710274,1.610478,0.0629887,-0.1048303,1.730615,0.06809446,-0.4163758,1.704078,-0.1097549,0.08360929,1.727513,-0.008413816,-0.4102907,1.673814,-0.1511507,-0.1887424,1.71801,0.2816292,-0.1868272,1.70649,NA,NA,NotTracked,NotTracked,
0.9160156,-0.3671875,-0.1108398,0.8925781,0.3681641,-0.1157227,-1,-2,-1,0,-1,-1,-1,0,-3,-2,-1,0,0,0,1,-4,0.875,0.875,0.875,1.125,1.125,1.125,2.010155,3.141951,6.727576,8.078839,3.168561,9.720456,-0.125417,-0.4835455,1.623152,0.253239,-0.4771818,1.610175,0.05275473,0.3353613,1.701081,-0.1709466,-0.5003453,1.618117,0.294639,-0.4763945,1.610427,0.06288116,-0.1049505,1.730255,0.06811396,-0.4164052,1.703973,-0.1099067,0.08365339,1.727344,-0.008397549,-0.4103533,1.673727,-0.1512393,-0.1889553,1.717785,0.28143,-0.1866508,1.70636,NA,NA,NotTracked,NotTracked,
